{
    "entity.ragna_goblin.annoyed_grunt": {
        "subtitle": "subtitle.goblintraders.goblin_trader.annoyed_grunt",
        "sounds": [
            "ragnagoblin:entity/ragna_goblin/drakonik_gne",
            "ragnagoblin:entity/ragna_goblin/annoyed_grunt2"
        ]
    },
    "entity.ragna_goblin.idle_grunt": {
        "subtitle": "subtitle.goblintraders.goblin_trader.idle_grunt",
        "sounds": [
            "ragnagoblin:entity/ragna_goblin/he_he_he_drakonik",
            "ragnagoblin:entity/ragna_goblin/idle_grunt2",
            "ragnagoblin:entity/ragna_goblin/idle_grunt3"
        ]
    }
}
