{
	"credit": "Made with Blockbench",
                "parent": "final_fractal",
	"texture_size": [128, 128],
	"elements": [
		{
			"from": [16.24139, 25.62043, 7.55253],
			"to": [17.73632, 29.35776, 8.44747],
			"rotation": {"angle": 22.5, "axis": "z", "origin": [8, 8.61448, 8]},
			"faces": {
				"north": {"uv": [2.625, 4.875, 2.75, 5.375], "texture": "#1"},
				"east": {"uv": [3.375, 5, 3.5, 5.5], "texture": "#1"},
				"south": {"uv": [2, 5.125, 2.125, 5.625], "texture": "#1"},
				"west": {"uv": [2.125, 5.125, 2.25, 5.625], "texture": "#1"},
				"up": {"uv": [2.75, 5.5, 2.625, 5.375], "texture": "#1"},
				"down": {"uv": [5.5, 2.75, 5.375, 2.875], "texture": "#1"}
			}
		},
		{
			"from": [-1.73632, 25.62043, 7.55253],
			"to": [-0.24139, 29.35776, 8.44747],
			"rotation": {"angle": -22.5, "axis": "z", "origin": [8, 8.61448, 8]},
			"faces": {
				"north": {"uv": [2.25, 5.125, 2.375, 5.625], "texture": "#1"},
				"east": {"uv": [2.375, 5.125, 2.5, 5.625], "texture": "#1"},
				"south": {"uv": [2.5, 5.125, 2.625, 5.625], "texture": "#1"},
				"west": {"uv": [5.125, 4, 5.25, 4.5], "texture": "#1"},
				"up": {"uv": [5.375, 5.5, 5.25, 5.375], "texture": "#1"},
				"down": {"uv": [5.5, 5.25, 5.375, 5.375], "texture": "#1"}
			}
		},
		{
			"from": [23.43836, 24.05285, 7.55253],
			"to": [24.93329, 25.54778, 8.44747],
			"rotation": {"angle": 45, "axis": "z", "origin": [8, 8.61448, 8]},
			"faces": {
				"north": {"uv": [5.375, 2.875, 5.5, 3], "texture": "#1"},
				"east": {"uv": [5.375, 3, 5.5, 3.125], "texture": "#1"},
				"south": {"uv": [5.375, 3.125, 5.5, 3.25], "texture": "#1"},
				"west": {"uv": [5.375, 3.75, 5.5, 3.875], "texture": "#1"},
				"up": {"uv": [5.5, 4, 5.375, 3.875], "texture": "#1"},
				"down": {"uv": [5.25, 5.375, 5.125, 5.5], "texture": "#1"}
			}
		},
		{
			"from": [-1.62894, -1.02328, 7.55403],
			"to": [5.15416, 5.75981, 8.44597],
			"rotation": {"angle": 45, "axis": "z", "origin": [8, 8.60565, 8]},
			"faces": {
				"north": {"uv": [1, 4, 1.875, 4.875], "texture": "#1"},
				"east": {"uv": [3.5, 4.75, 3.625, 5.625], "texture": "#1"},
				"south": {"uv": [1.875, 4, 2.75, 4.875], "texture": "#1"},
				"west": {"uv": [3.625, 4.75, 3.75, 5.625], "texture": "#1"},
				"up": {"uv": [5.625, 3.625, 4.75, 3.5], "texture": "#1"},
				"down": {"uv": [5.625, 3.625, 4.75, 3.75], "texture": "#1"}
			}
		},
		{
			"from": [-2.26998, -1.65549, 6.84067],
			"to": [1.86352, 2.47801, 9.15933],
			"rotation": {"angle": 45, "axis": "z", "origin": [8, 8.61448, 8]},
			"faces": {
				"north": {"uv": [4.75, 1.25, 5.25, 1.75], "texture": "#1"},
				"east": {"uv": [4.75, 2.25, 5, 2.75], "texture": "#1"},
				"south": {"uv": [4.75, 1.75, 5.25, 2.25], "texture": "#1"},
				"west": {"uv": [4.75, 2.75, 5, 3.25], "texture": "#1"},
				"up": {"uv": [3.5, 5, 3, 4.75], "texture": "#1"},
				"down": {"uv": [5.25, 3.25, 4.75, 3.5], "texture": "#1"}
			}
		},
		{
			"from": [-9.40521, -8.79073, 7.04075],
			"to": [-6.96644, -6.35196, 8.95925],
			"rotation": {"angle": 45, "axis": "z", "origin": [8, 8.61448, 8]},
			"faces": {
				"north": {"uv": [4.25, 5.25, 4.5, 5.5], "texture": "#1"},
				"east": {"uv": [5.25, 4.25, 5.5, 4.5], "texture": "#1"},
				"south": {"uv": [4.5, 5.25, 4.75, 5.5], "texture": "#1"},
				"west": {"uv": [5.25, 4.5, 5.5, 4.75], "texture": "#1"},
				"up": {"uv": [5, 5.5, 4.75, 5.25], "texture": "#1"},
				"down": {"uv": [5.5, 4.75, 5.25, 5], "texture": "#1"}
			}
		},
		{
			"from": [21.10528, 21.71977, 7.55253],
			"to": [23.34768, 23.96216, 8.44747],
			"rotation": {"angle": 45, "axis": "z", "origin": [8, 8.61448, 8]},
			"faces": {
				"north": {"uv": [5.25, 0, 5.5, 0.25], "texture": "#1"},
				"east": {"uv": [3.25, 5.25, 3.375, 5.5], "texture": "#1"},
				"south": {"uv": [5.25, 0.25, 5.5, 0.5], "texture": "#1"},
				"west": {"uv": [5, 5.25, 5.125, 5.5], "texture": "#1"},
				"up": {"uv": [1.25, 4, 1, 3.875], "texture": "#1"},
				"down": {"uv": [5.5, 5, 5.25, 5.125], "texture": "#1"}
			}
		},
		{
			"from": [5.51664, -2.73622, 7.55253],
			"to": [10.48729, 28.05186, 8.44747],
			"rotation": {"angle": 0, "axis": "y", "origin": [8, 8.61448, 8]},
			"faces": {
				"north": {"uv": [0, 0, 0.625, 3.875], "texture": "#1"},
				"east": {"uv": [2.75, 4.5, 2.875, 8.375], "texture": "#1"},
				"south": {"uv": [0.625, 0, 1.25, 3.875], "texture": "#1"},
				"west": {"uv": [2.875, 4.5, 3, 8.375], "texture": "#1"},
				"up": {"uv": [1.375, 5.25, 0.75, 5.125], "texture": "#1"},
				"down": {"uv": [2, 5.125, 1.375, 5.25], "texture": "#1"}
			}
		},
		{
			"from": [-3.08532, -5.08622, 8],
			"to": [4.88532, 2.70186, 8],
			"rotation": {"angle": 0, "axis": "y", "origin": [8, 8.61448, 8]},
			"faces": {
				"north": {"uv": [1.25, 3, 2.25, 4], "texture": "#1"},
				"east": {"uv": [0, 0, 0, 1], "texture": "#1"},
				"south": {"uv": [2.25, 3, 3.25, 4], "texture": "#1"},
				"west": {"uv": [0, 0, 0, 1], "texture": "#1"},
				"up": {"uv": [1, 0, 0, 0], "texture": "#1"},
				"down": {"uv": [1, 0, 0, 0], "texture": "#1"}
			}
		},
		{
			"from": [11.11468, -5.08622, 8],
			"to": [19.08532, 2.70186, 8],
			"rotation": {"angle": 0, "axis": "y", "origin": [8, -1.19218, 8]},
			"faces": {
				"north": {"uv": [3.25, 3, 4.25, 4], "texture": "#1"},
				"east": {"uv": [0, 0, 0, 1], "texture": "#1"},
				"south": {"uv": [0, 3.875, 1, 4.875], "texture": "#1"},
				"west": {"uv": [0, 0, 0, 1], "texture": "#1"},
				"up": {"uv": [1, 0, 0, 0], "texture": "#1"},
				"down": {"uv": [1, 0, 0, 0], "texture": "#1"}
			}
		},
		{
			"from": [-3.08532, -5.08622, 8],
			"to": [4.88532, 2.70186, 8],
			"rotation": {"angle": 0, "axis": "y", "origin": [8, -1.19218, 8]},
			"faces": {
				"north": {"uv": [1.25, 3, 2.25, 4], "texture": "#1"},
				"east": {"uv": [0, 0, 0, 1], "texture": "#1"},
				"south": {"uv": [2.25, 3, 3.25, 4], "texture": "#1"},
				"west": {"uv": [0, 0, 0, 1], "texture": "#1"},
				"up": {"uv": [1, 0, 0, 0], "texture": "#1"},
				"down": {"uv": [1, 0, 0, 0], "texture": "#1"}
			}
		},
		{
			"from": [11.11468, -5.08622, 8],
			"to": [19.08532, 2.70186, 8],
			"rotation": {"angle": 0, "axis": "y", "origin": [8, 8.61448, 8]},
			"faces": {
				"north": {"uv": [3.25, 3, 4.25, 4], "texture": "#1"},
				"east": {"uv": [0, 0, 0, 1], "texture": "#1"},
				"south": {"uv": [0, 3.875, 1, 4.875], "texture": "#1"},
				"west": {"uv": [0, 0, 0, 1], "texture": "#1"},
				"up": {"uv": [1, 0, 0, 0], "texture": "#1"},
				"down": {"uv": [1, 0, 0, 0], "texture": "#1"}
			}
		},
		{
			"from": [2, 5.60782, 2],
			"to": [14, 5.60782, 14],
			"rotation": {"angle": 0, "axis": "y", "origin": [7.98532, 5.60782, 7.89404]},
			"faces": {
				"north": {"uv": [0, 0, 1.5, 0], "texture": "#1"},
				"east": {"uv": [0, 0, 1.5, 0], "texture": "#1"},
				"south": {"uv": [0, 0, 1.5, 0], "texture": "#1"},
				"west": {"uv": [0, 0, 1.5, 0], "texture": "#1"},
				"up": {"uv": [2.75, 1.5, 1.25, 0], "texture": "#1"},
				"down": {"uv": [2.75, 1.5, 1.25, 3], "texture": "#1"}
			}
		},
		{
			"from": [2, 10.35782, 2],
			"to": [14, 10.35782, 14],
			"rotation": {"angle": 0, "axis": "y", "origin": [7.98532, 10.35782, 7.89404]},
			"faces": {
				"north": {"uv": [0, 0, 1.5, 0], "texture": "#1"},
				"east": {"uv": [0, 0, 1.5, 0], "texture": "#1"},
				"south": {"uv": [0, 0, 1.5, 0], "texture": "#1"},
				"west": {"uv": [0, 0, 1.5, 0], "texture": "#1"},
				"up": {"uv": [4.25, 1.5, 2.75, 0], "texture": "#1"},
				"down": {"uv": [4.25, 1.5, 2.75, 3], "texture": "#1"}
			}
		},
		{
			"from": [4.01468, -15.98622, 8],
			"to": [11.98532, -12.19814, 8],
			"rotation": {"angle": 0, "axis": "y", "origin": [8, 8.61448, 8]},
			"faces": {
				"north": {"uv": [2.75, 4, 3.75, 4.5], "texture": "#1"},
				"east": {"uv": [0, 0, 0, 0.5], "texture": "#1"},
				"south": {"uv": [3.75, 4, 4.75, 4.5], "texture": "#1"},
				"west": {"uv": [0, 0, 0, 0.5], "texture": "#1"},
				"up": {"uv": [1, 0, 0, 0], "texture": "#1"},
				"down": {"uv": [1, 0, 0, 0], "texture": "#1"}
			}
		},
		{
			"from": [8, -15.98622, 4.01468],
			"to": [8, -12.19814, 11.98532],
			"rotation": {"angle": 0, "axis": "y", "origin": [8, 8.61448, 8]},
			"faces": {
				"north": {"uv": [0, 0, 0, 0.5], "texture": "#1"},
				"east": {"uv": [4.25, 0, 5.25, 0.5], "texture": "#1"},
				"south": {"uv": [0, 0, 0, 0.5], "texture": "#1"},
				"west": {"uv": [4.25, 0.5, 5.25, 1], "texture": "#1"},
				"up": {"uv": [0, 1, 0, 0], "texture": "#1"},
				"down": {"uv": [0, 0, 0, 1], "texture": "#1"}
			}
		},
		{
			"from": [3.46287, -3.8465, 7.09258],
			"to": [12.53713, -2.03165, 8.90743],
			"rotation": {"angle": 0, "axis": "y", "origin": [8, 8.61448, 8]},
			"faces": {
				"north": {"uv": [4.25, 3.75, 5.375, 4], "texture": "#1"},
				"east": {"uv": [5.25, 0.75, 5.5, 1], "texture": "#1"},
				"south": {"uv": [3, 4.5, 4.125, 4.75], "texture": "#1"},
				"west": {"uv": [1, 5.25, 1.25, 5.5], "texture": "#1"},
				"up": {"uv": [5.25, 4.75, 4.125, 4.5], "texture": "#1"},
				"down": {"uv": [5.875, 1, 4.75, 1.25], "texture": "#1"}
			}
		},
		{
			"from": [18.95166, -0.47375, 7.11517],
			"to": [21.61344, 1.12332, 8.88483],
			"rotation": {"angle": -45, "axis": "z", "origin": [8, 8.61448, 8]},
			"faces": {
				"north": {"uv": [4.5, 4.75, 4.875, 5], "texture": "#1"},
				"east": {"uv": [1.5, 5.25, 1.75, 5.5], "texture": "#1"},
				"south": {"uv": [0, 4.875, 0.375, 5.125], "texture": "#1"},
				"west": {"uv": [5.25, 1.5, 5.5, 1.75], "texture": "#1"},
				"up": {"uv": [0.75, 5.125, 0.375, 4.875], "texture": "#1"},
				"down": {"uv": [1.125, 4.875, 0.75, 5.125], "texture": "#1"}
			}
		},
		{
			"from": [12.9248, -3.44695, 7.11517],
			"to": [16.11893, -1.84989, 8.88483],
			"rotation": {"angle": -22.5, "axis": "z", "origin": [8, 8.61448, 8]},
			"faces": {
				"north": {"uv": [3.75, 4.75, 4.125, 5], "texture": "#1"},
				"east": {"uv": [1.25, 5.25, 1.5, 5.5], "texture": "#1"},
				"south": {"uv": [4.75, 4, 5.125, 4.25], "texture": "#1"},
				"west": {"uv": [5.25, 1.25, 5.5, 1.5], "texture": "#1"},
				"up": {"uv": [4.5, 5, 4.125, 4.75], "texture": "#1"},
				"down": {"uv": [5.125, 4.25, 4.75, 4.5], "texture": "#1"}
			}
		},
		{
			"from": [-5.61344, -0.47375, 7.11517],
			"to": [-2.95166, 1.12332, 8.88483],
			"rotation": {"angle": 45, "axis": "z", "origin": [8, 8.61448, 8]},
			"faces": {
				"north": {"uv": [4.875, 4.75, 5.25, 5], "texture": "#1"},
				"east": {"uv": [5.25, 2, 5.5, 2.25], "texture": "#1"},
				"south": {"uv": [5, 2.25, 5.375, 2.5], "texture": "#1"},
				"west": {"uv": [3, 5.25, 3.25, 5.5], "texture": "#1"},
				"up": {"uv": [5.375, 2.75, 5, 2.5], "texture": "#1"},
				"down": {"uv": [5.375, 2.75, 5, 3], "texture": "#1"}
			}
		},
		{
			"from": [5.55878, -4.6312, 7.09348],
			"to": [8.5805, -2.81816, 8.90652],
			"rotation": {"angle": -22.5, "axis": "z", "origin": [8, 8.61448, 8]},
			"faces": {
				"north": {"uv": [3, 5, 3.375, 5.25], "texture": "#1"},
				"east": {"uv": [5.25, 3.25, 5.5, 3.5], "texture": "#1"},
				"south": {"uv": [5, 3, 5.375, 3.25], "texture": "#1"},
				"west": {"uv": [3.75, 5.25, 4, 5.5], "texture": "#1"},
				"up": {"uv": [4.125, 5.25, 3.75, 5], "texture": "#1"},
				"down": {"uv": [4.5, 5, 4.125, 5.25], "texture": "#1"}
			}
		},
		{
			"from": [7.4195, -4.6312, 7.09348],
			"to": [10.44122, -2.81816, 8.90652],
			"rotation": {"angle": 22.5, "axis": "z", "origin": [8, 8.61448, 8]},
			"faces": {
				"north": {"uv": [4.5, 5, 4.875, 5.25], "texture": "#1"},
				"east": {"uv": [4, 5.25, 4.25, 5.5], "texture": "#1"},
				"south": {"uv": [4.875, 5, 5.25, 5.25], "texture": "#1"},
				"west": {"uv": [5.25, 4, 5.5, 4.25], "texture": "#1"},
				"up": {"uv": [0.375, 5.375, 0, 5.125], "texture": "#1"},
				"down": {"uv": [0.75, 5.125, 0.375, 5.375], "texture": "#1"}
			}
		},
		{
			"from": [5.62088, -8.22343, 7.04348],
			"to": [6.64261, -7.1604, 8.95652],
			"rotation": {"angle": 22.5, "axis": "z", "origin": [8, 8.61448, 8]},
			"faces": {
				"north": {"uv": [5.375, 5.375, 5.5, 5.5], "texture": "#1"},
				"east": {"uv": [5.125, 5.25, 5.375, 5.375], "texture": "#1"},
				"south": {"uv": [5.5, 0, 5.625, 0.125], "texture": "#1"},
				"west": {"uv": [5.25, 5.125, 5.5, 5.25], "texture": "#1"},
				"up": {"uv": [0.125, 5.625, 0, 5.375], "texture": "#1"},
				"down": {"uv": [0.25, 5.375, 0.125, 5.625], "texture": "#1"}
			}
		},
		{
			"from": [9.35739, -8.22343, 7.04348],
			"to": [10.37912, -7.1604, 8.95652],
			"rotation": {"angle": -22.5, "axis": "z", "origin": [8, 8.61448, 8]},
			"faces": {
				"north": {"uv": [5.5, 0.125, 5.625, 0.25], "texture": "#1"},
				"east": {"uv": [0.25, 5.375, 0.5, 5.5], "texture": "#1"},
				"south": {"uv": [0.25, 5.5, 0.375, 5.625], "texture": "#1"},
				"west": {"uv": [0.5, 5.375, 0.75, 5.5], "texture": "#1"},
				"up": {"uv": [5.5, 2.5, 5.375, 2.25], "texture": "#1"},
				"down": {"uv": [5.5, 2.5, 5.375, 2.75], "texture": "#1"}
			}
		},
		{
			"from": [-0.11893, -3.44695, 7.11517],
			"to": [3.0752, -1.84989, 8.88483],
			"rotation": {"angle": 22.5, "axis": "z", "origin": [8, 8.61448, 8]},
			"faces": {
				"north": {"uv": [1.125, 4.875, 1.5, 5.125], "texture": "#1"},
				"east": {"uv": [1.75, 5.25, 2, 5.5], "texture": "#1"},
				"south": {"uv": [1.5, 4.875, 1.875, 5.125], "texture": "#1"},
				"west": {"uv": [5.25, 1.75, 5.5, 2], "texture": "#1"},
				"up": {"uv": [2.25, 5.125, 1.875, 4.875], "texture": "#1"},
				"down": {"uv": [2.625, 4.875, 2.25, 5.125], "texture": "#1"}
			}
		},
		{
			"from": [7.09258, -13.76768, 7.09258],
			"to": [8.90743, -3.18105, 8.90743],
			"rotation": {"angle": 0, "axis": "y", "origin": [8, 8.61448, 8]},
			"faces": {
				"north": {"uv": [4.25, 1, 4.5, 2.375], "texture": "#1"},
				"east": {"uv": [4.25, 2.375, 4.5, 3.75], "texture": "#1"},
				"south": {"uv": [4.5, 1, 4.75, 2.375], "texture": "#1"},
				"west": {"uv": [4.5, 2.375, 4.75, 3.75], "texture": "#1"},
				"up": {"uv": [5.5, 0.75, 5.25, 0.5], "texture": "#1"},
				"down": {"uv": [1, 5.25, 0.75, 5.5], "texture": "#1"}
			}
		}
	],
	"display": {
		"thirdperson_righthand": {
			"rotation": [0, 90, 0],
			"translation": [0, 11, 0.75],
			"scale": [0.9, 0.9, 0.9]
		},
		"thirdperson_lefthand": {
			"rotation": [0, 90, 0],
			"translation": [0, 15.25, 0.75]
		},
		"firstperson_righthand": {
			"rotation": [0, -90, 25],
			"translation": [1.13, 8.95, -4.37],
			"scale": [0.68, 0.68, 0.68]
		},
		"firstperson_lefthand": {
			"rotation": [0, -90, 25],
			"translation": [1.13, 8.95, -4.37],
			"scale": [0.68, 0.68, 0.68]
		},
		"ground": {
			"translation": [0, 22.25, 0]
		},
		"gui": {
			"rotation": [23.56, 43, -64],
			"scale": [0.46, 0.46, 0.46]
		},
		"head": {
			"translation": [0, 30.25, 0]
		},
		"fixed": {
			"translation": [0, 3.75, 0]
		}
	}
}