{
	"trail_effects": [
		{
			"start_time": 0.2,
			"end_time": 0.4,
			"joint": "Tool_L",
			"item_skin_hand": "off_hand",
			"color": [8, 8, 8],
    	    "begin_pos": [0.0, 0.0, -0.2],
    	    "end_pos": [0.0, -0.2, 1.5],
			"lifetime": 4,
		    "interpolations": 4,
	    	"texture_path": "epicfight:textures/particle/power_trail.png",
	    	"particle_type": "epicacg:bloom_trail"
		},
		{
			"start_time": 0.65,
			"end_time": 0.8,
			"joint": "Tool_L",
			"item_skin_hand": "off_hand",
			"color": [8, 8, 8],
    	    "begin_pos": [0.0, 0.0, -0.2],
    	    "end_pos": [0.0, -0.2, 1.5],
			"lifetime": 4,
		    "interpolations": 4,
	    	"texture_path": "epicfight:textures/particle/power_trail.png",
	    	"particle_type": "epicacg:bloom_trail"
		},
		{
			"start_time": 0.2,
			"end_time": 0.21,
			"joint": "Tool_L",
			"item_skin_hand": "off_hand",
			"color": [64, 64, 64],
    	    "begin_pos": [-0.25, 0.0, -0.4],
    	    "end_pos": [0.25, 0.2, 1.8],
    	    "lifetime": 12,
		    "interpolations": 4,
	    	"texture_path": "epicfight:textures/particle/power_trail3.png",
	    	"particle_type": "epicacg:bloom_trail"
		},
		{
			"start_time": 0.65,
			"end_time": 0.7,
			"joint": "Tool_L",
			"item_skin_hand": "off_hand",
			"color": [64, 64, 64],
    	    "begin_pos": [-0.25, 0.0, -0.4],
    	    "end_pos": [0.25, 0.2, 1.8],
    	    "lifetime": 12,
		    "interpolations": 4,
	    	"texture_path": "epicfight:textures/particle/power_trail3.png",
	    	"particle_type": "epicacg:bloom_trail"
		}
	]
}