{
	"parent": "item/generated",
	"display": {
		"thirdperson_righthand": {
			"rotation": [20, -90, 55],
			"translation": [0, 11.5, 2.5],
			"scale": [1.8, 1.8, 0.85]
		},
		"thirdperson_lefthand": {
			"rotation": [0, 90, -55],
			"translation": [0, 13.25, -1.75],
			"scale": [1.8, 1.8, 0.85]
		},
		"firstperson_righthand": {
			"rotation": [0, -90, 25],
			"translation": [1.13, 9.2, 1.13],
			"scale": [1.8, 1.8, 0.85]
		},
		"firstperson_lefthand": {
			"rotation": [0, 90, -25],
			"translation": [1.13, 9.2, 1.13],
			"scale": [1.8, 1.8, 0.85]
		},
		"ground": {
			"translation": [0, 5, 0],
			"scale": [1.2, 1.2, 1]
		},
		"gui": {
			"translation": [0.5, 1.5, 0]
		},
		"head": {
			"rotation": [0, 180, 0],
			"translation": [0, 13, 7]
		},
		"fixed": {
			"translation": [2, 2.25, 0],
			"scale": [1.51, 1.51, 0.87]
		}
	}
}