{
    "parent": "item/generated",
    "display":
  	{
    	"thirdperson_righthand":
    	{
    		"scale": [3, 3, 1.0],
    		"translation": [0.0, 2, 3],
    		"rotation": [0, -90, 35]
    	},
    	"thirdperson_lefthand":
    	{
    		"scale": [3, 3, 1.0],
    		"translation": [0.0, 2, 0.3],
    		"rotation": [0, 90, -35]
    	},
    	"firstperson_lefthand":
    	{
      		"translation": [2, 3, 0],
      		"rotation": [45,-90,0],
      		"scale": [1.0, 1.0, 0.7]
    	},
    	"firstperson_righthand":
    	{
      		"translation": [3, 3, 0],
      		"rotation": [50,90,0],
      		"scale": [1.0, 1.0, 0.7]
    	}
  	}
}