{
    "parent": "item/generated",
    "textures":
    {
        "layer0" : "wom:item/diamond_greataxe"
    },
    "display":
  	{
    	"thirdperson_righthand":
    	{
    		"scale": [2.3, 2.3, 1.0],
    		"translation": [-1.0, 12, -1.0],
    		"rotation": [40, 90, 0]
    	},
    	"firstperson_righthand":
    	{
      		"translation": [2,7.5,0],
      		"rotation": [30,90,0],
      		"scale": [1.2, 1.2, 0.7]
    	},
    	"thirdperson_lefthand":
    	{
    		"scale": [2.3, 2.3, 1.0],
    		"translation": [-1.0, 12, -1.0],
    		"rotation": [40, -90, 0]
    	},
    	"firstperson_lefthand":
    	{
      		"translation": [2,7.5,0],
      		"rotation": [30,90,0],
      		"scale": [1.2, 1.2, 0.7]
    	}
  	}
}