{
    "parent": "item/generated",
    "textures":
    {
        "layer0" : "wom:item/netherite_tachi"
    },
    "display":
  	{
    	"thirdperson_righthand":
    	{
    		"scale": [1.5, 1.5, 0.75],
    		"translation": [0.0, 10, 1.5],
    		"rotation": [40, 90, 0]
    	},
		"thirdperson_lefthand":
    	{
    		"scale": [1.5, 1.5, 0.75],
    		"translation": [0.0, 10, 1.5],
    		"rotation": [40, -90, 0]
    	},
    	"firstperson_righthand":
    	{
      		"translation": [2,7.5,0],
      		"rotation": [30,90,0],
      		"scale": [1.0, 1.0, 0.7]
    	},
		"firstperson_lefthand":
    	{
      		"translation": [2, 7.5, 0],
      		"rotation": [30,-90,0],
      		"scale": [1.0, 1.0, 0.7]
    	}
  	}
}