{
	"credit": "Made with Blockbench",
	"textures": {
		"0": "wom:item/satsujin_sheath",
		"particle": "wom:item/satsujin_sheath"
	},
	"elements": [
		{
			"name": "satsujin_sheath_0",
			"from": [14, 12.5, 0],
			"to": [16, 14, 1],
			"faces": {
				"north": {"uv": [16, 2, 14, 3.5], "texture": "#0"},
				"east": {"uv": [15.5, 2, 16, 3.5], "texture": "#0"},
				"south": {"uv": [14, 2, 16, 3.5], "texture": "#0"},
				"west": {"uv": [14, 2, 14.5, 3.5], "texture": "#0"},
				"up": {"uv": [14, 2, 16, 2.5], "texture": "#0"},
				"down": {"uv": [14, 3, 16, 3.5], "texture": "#0"}
			}
		},
		{
			"name": "satsujin_sheath_1",
			"from": [12.5, 11.5, 0],
			"to": [14, 13.5, 1],
			"faces": {
				"north": {"uv": [14, 2.5, 12.5, 4.5], "texture": "#0"},
				"east": {"uv": [13.5, 2.5, 14, 4.5], "texture": "#0"},
				"south": {"uv": [12.5, 2.5, 14, 4.5], "texture": "#0"},
				"west": {"uv": [12.5, 2.5, 13, 4.5], "texture": "#0"},
				"up": {"uv": [12.5, 2.5, 14, 3], "texture": "#0"},
				"down": {"uv": [12.5, 4, 14, 4.5], "texture": "#0"}
			}
		},
		{
			"name": "satsujin_sheath_2",
			"from": [11.5, 10.5, 0],
			"to": [12.5, 13, 1],
			"faces": {
				"north": {"uv": [12.5, 3, 11.5, 5.5], "texture": "#0"},
				"east": {"uv": [12, 3, 12.5, 5.5], "texture": "#0"},
				"south": {"uv": [11.5, 3, 12.5, 5.5], "texture": "#0"},
				"west": {"uv": [11.5, 3, 12, 5.5], "texture": "#0"},
				"up": {"uv": [11.5, 3, 12.5, 3.5], "texture": "#0"},
				"down": {"uv": [11.5, 5, 12.5, 5.5], "texture": "#0"}
			}
		},
		{
			"name": "satsujin_sheath_3",
			"from": [10.5, 9.5, 0],
			"to": [11.5, 12.5, 1],
			"faces": {
				"north": {"uv": [11.5, 3.5, 10.5, 6.5], "texture": "#0"},
				"east": {"uv": [11, 3.5, 11.5, 6.5], "texture": "#0"},
				"south": {"uv": [10.5, 3.5, 11.5, 6.5], "texture": "#0"},
				"west": {"uv": [10.5, 3.5, 11, 6.5], "texture": "#0"},
				"up": {"uv": [10.5, 3.5, 11.5, 4], "texture": "#0"},
				"down": {"uv": [10.5, 6, 11.5, 6.5], "texture": "#0"}
			}
		},
		{
			"name": "satsujin_sheath_4",
			"from": [14, 12, 0],
			"to": [15.5, 12.5, 1],
			"faces": {
				"north": {"uv": [15.5, 3.5, 14, 4], "texture": "#0"},
				"east": {"uv": [15, 3.5, 15.5, 4], "texture": "#0"},
				"south": {"uv": [14, 3.5, 15.5, 4], "texture": "#0"},
				"west": {"uv": [14, 3.5, 14.5, 4], "texture": "#0"},
				"up": {"uv": [14, 3.5, 15.5, 4], "texture": "#0"},
				"down": {"uv": [14, 3.5, 15.5, 4], "texture": "#0"}
			}
		},
		{
			"name": "satsujin_sheath_5",
			"from": [10, 8.5, 0],
			"to": [10.5, 12, 1],
			"faces": {
				"north": {"uv": [10.5, 4, 10, 7.5], "texture": "#0"},
				"east": {"uv": [10, 4, 10.5, 7.5], "texture": "#0"},
				"south": {"uv": [10, 4, 10.5, 7.5], "texture": "#0"},
				"west": {"uv": [10, 4, 10.5, 7.5], "texture": "#0"},
				"up": {"uv": [10, 4, 10.5, 4.5], "texture": "#0"},
				"down": {"uv": [10, 7, 10.5, 7.5], "texture": "#0"}
			}
		},
		{
			"name": "satsujin_sheath_6",
			"from": [9.5, 8, 0],
			"to": [10, 11.5, 1],
			"faces": {
				"north": {"uv": [10, 4.5, 9.5, 8], "texture": "#0"},
				"east": {"uv": [9.5, 4.5, 10, 8], "texture": "#0"},
				"south": {"uv": [9.5, 4.5, 10, 8], "texture": "#0"},
				"west": {"uv": [9.5, 4.5, 10, 8], "texture": "#0"},
				"up": {"uv": [9.5, 4.5, 10, 5], "texture": "#0"},
				"down": {"uv": [9.5, 7.5, 10, 8], "texture": "#0"}
			}
		},
		{
			"name": "satsujin_sheath_7",
			"from": [12.5, 11, 0],
			"to": [13, 11.5, 1],
			"faces": {
				"north": {"uv": [13, 4.5, 12.5, 5], "texture": "#0"},
				"east": {"uv": [12.5, 4.5, 13, 5], "texture": "#0"},
				"south": {"uv": [12.5, 4.5, 13, 5], "texture": "#0"},
				"west": {"uv": [12.5, 4.5, 13, 5], "texture": "#0"},
				"up": {"uv": [12.5, 4.5, 13, 5], "texture": "#0"},
				"down": {"uv": [12.5, 4.5, 13, 5], "texture": "#0"}
			}
		},
		{
			"name": "satsujin_sheath_8",
			"from": [9, 7.5, 0],
			"to": [9.5, 11, 1],
			"faces": {
				"north": {"uv": [9.5, 5, 9, 8.5], "texture": "#0"},
				"east": {"uv": [9, 5, 9.5, 8.5], "texture": "#0"},
				"south": {"uv": [9, 5, 9.5, 8.5], "texture": "#0"},
				"west": {"uv": [9, 5, 9.5, 8.5], "texture": "#0"},
				"up": {"uv": [9, 5, 9.5, 5.5], "texture": "#0"},
				"down": {"uv": [9, 8, 9.5, 8.5], "texture": "#0"}
			}
		},
		{
			"name": "satsujin_sheath_9",
			"from": [8.5, 7, 0],
			"to": [9, 10.5, 1],
			"faces": {
				"north": {"uv": [9, 5.5, 8.5, 9], "texture": "#0"},
				"east": {"uv": [8.5, 5.5, 9, 9], "texture": "#0"},
				"south": {"uv": [8.5, 5.5, 9, 9], "texture": "#0"},
				"west": {"uv": [8.5, 5.5, 9, 9], "texture": "#0"},
				"up": {"uv": [8.5, 5.5, 9, 6], "texture": "#0"},
				"down": {"uv": [8.5, 8.5, 9, 9], "texture": "#0"}
			}
		},
		{
			"name": "satsujin_sheath_10",
			"from": [11.5, 10, 0],
			"to": [12, 10.5, 1],
			"faces": {
				"north": {"uv": [12, 5.5, 11.5, 6], "texture": "#0"},
				"east": {"uv": [11.5, 5.5, 12, 6], "texture": "#0"},
				"south": {"uv": [11.5, 5.5, 12, 6], "texture": "#0"},
				"west": {"uv": [11.5, 5.5, 12, 6], "texture": "#0"},
				"up": {"uv": [11.5, 5.5, 12, 6], "texture": "#0"},
				"down": {"uv": [11.5, 5.5, 12, 6], "texture": "#0"}
			}
		},
		{
			"name": "satsujin_sheath_11",
			"from": [8, 6.5, 0],
			"to": [8.5, 10, 1],
			"faces": {
				"north": {"uv": [8.5, 6, 8, 9.5], "texture": "#0"},
				"east": {"uv": [8, 6, 8.5, 9.5], "texture": "#0"},
				"south": {"uv": [8, 6, 8.5, 9.5], "texture": "#0"},
				"west": {"uv": [8, 6, 8.5, 9.5], "texture": "#0"},
				"up": {"uv": [8, 6, 8.5, 6.5], "texture": "#0"},
				"down": {"uv": [8, 9, 8.5, 9.5], "texture": "#0"}
			}
		},
		{
			"name": "satsujin_sheath_12",
			"from": [7.5, 6, 0],
			"to": [8, 9.5, 1],
			"faces": {
				"north": {"uv": [8, 6.5, 7.5, 10], "texture": "#0"},
				"east": {"uv": [7.5, 6.5, 8, 10], "texture": "#0"},
				"south": {"uv": [7.5, 6.5, 8, 10], "texture": "#0"},
				"west": {"uv": [7.5, 6.5, 8, 10], "texture": "#0"},
				"up": {"uv": [7.5, 6.5, 8, 7], "texture": "#0"},
				"down": {"uv": [7.5, 9.5, 8, 10], "texture": "#0"}
			}
		},
		{
			"name": "satsujin_sheath_13",
			"from": [10.5, 9, 0],
			"to": [11, 9.5, 1],
			"faces": {
				"north": {"uv": [11, 6.5, 10.5, 7], "texture": "#0"},
				"east": {"uv": [10.5, 6.5, 11, 7], "texture": "#0"},
				"south": {"uv": [10.5, 6.5, 11, 7], "texture": "#0"},
				"west": {"uv": [10.5, 6.5, 11, 7], "texture": "#0"},
				"up": {"uv": [10.5, 6.5, 11, 7], "texture": "#0"},
				"down": {"uv": [10.5, 6.5, 11, 7], "texture": "#0"}
			}
		},
		{
			"name": "satsujin_sheath_14",
			"from": [7, 6.5, 0],
			"to": [7.5, 9, 1],
			"faces": {
				"north": {"uv": [7.5, 7, 7, 9.5], "texture": "#0"},
				"east": {"uv": [7, 7, 7.5, 9.5], "texture": "#0"},
				"south": {"uv": [7, 7, 7.5, 9.5], "texture": "#0"},
				"west": {"uv": [7, 7, 7.5, 9.5], "texture": "#0"},
				"up": {"uv": [7, 7, 7.5, 7.5], "texture": "#0"},
				"down": {"uv": [7, 9, 7.5, 9.5], "texture": "#0"}
			}
		},
		{
			"name": "satsujin_sheath_15",
			"from": [6.5, 6.5, 0],
			"to": [7, 8.5, 1],
			"faces": {
				"north": {"uv": [7, 7.5, 6.5, 9.5], "texture": "#0"},
				"east": {"uv": [6.5, 7.5, 7, 9.5], "texture": "#0"},
				"south": {"uv": [6.5, 7.5, 7, 9.5], "texture": "#0"},
				"west": {"uv": [6.5, 7.5, 7, 9.5], "texture": "#0"},
				"up": {"uv": [6.5, 7.5, 7, 8], "texture": "#0"},
				"down": {"uv": [6.5, 9, 7, 9.5], "texture": "#0"}
			}
		},
		{
			"name": "satsujin_sheath_16",
			"from": [6, 6.5, 0],
			"to": [6.5, 8, 1],
			"faces": {
				"north": {"uv": [6.5, 8, 6, 9.5], "texture": "#0"},
				"east": {"uv": [6, 8, 6.5, 9.5], "texture": "#0"},
				"south": {"uv": [6, 8, 6.5, 9.5], "texture": "#0"},
				"west": {"uv": [6, 8, 6.5, 9.5], "texture": "#0"},
				"up": {"uv": [6, 8, 6.5, 8.5], "texture": "#0"},
				"down": {"uv": [6, 9, 6.5, 9.5], "texture": "#0"}
			}
		},
		{
			"name": "satsujin_sheath_17",
			"from": [5.5, 6.5, 0],
			"to": [6, 7.5, 1],
			"faces": {
				"north": {"uv": [6, 8.5, 5.5, 9.5], "texture": "#0"},
				"east": {"uv": [5.5, 8.5, 6, 9.5], "texture": "#0"},
				"south": {"uv": [5.5, 8.5, 6, 9.5], "texture": "#0"},
				"west": {"uv": [5.5, 8.5, 6, 9.5], "texture": "#0"},
				"up": {"uv": [5.5, 8.5, 6, 9], "texture": "#0"},
				"down": {"uv": [5.5, 9, 6, 9.5], "texture": "#0"}
			}
		},
		{
			"name": "satsujin_sheath_18",
			"from": [5, 6.5, 0],
			"to": [5.5, 7, 1],
			"faces": {
				"north": {"uv": [5.5, 9, 5, 9.5], "texture": "#0"},
				"east": {"uv": [5, 9, 5.5, 9.5], "texture": "#0"},
				"south": {"uv": [5, 9, 5.5, 9.5], "texture": "#0"},
				"west": {"uv": [5, 9, 5.5, 9.5], "texture": "#0"},
				"up": {"uv": [5, 9, 5.5, 9.5], "texture": "#0"},
				"down": {"uv": [5, 9, 5.5, 9.5], "texture": "#0"}
			}
		}
	],
	"display": {
		"thirdperson_righthand": {
			"rotation": [-169.98, 84.72, 47.88],
			"translation": [11.5, 0, 0],
			"scale": [2.3, 2.3, 1.5]
		},
		"thirdperson_lefthand": {
			"rotation": [14.09, 85.69, 117.48],
			"translation": [10, -2, 0],
			"scale": [2.3, 2.3, 1.5]
		},
		"firstperson_righthand": {
			"rotation": [-169.98, 84.72, 47.88],
			"translation": [0.5, 0, 0],
			"scale": [2.3, 2.3, 1.5]
		},
		"firstperson_lefthand": {
			"rotation": [-169.98, 84.72, 47.88],
			"translation": [0.5, 0, 0],
			"scale": [2.3, 2.3, 1.5]
		}
	},
	"groups": [
		{
			"name": "satsujin_sheath",
			"origin": [8, 8, 8],
			"color": 0,
			"children": [0, 1, 2, 3, 4, 5, 6, 7, 8, 9, 10, 11, 12, 13, 14, 15, 16, 17, 18]
		}
	]
}