{
    "multilayer": {
        "base": {
            "priority":"LOWEST",
            "masks":
            [
                {
                    "livingmotion":"ALL",
                    "type":"none"
                }
            ]
        },
        "composite": {
            "priority":"MIDDLE",
            "masks":
            [
                {
                    "livingmotion":"ALL",
                    "type":"arms"
                }
            ]
        }
    }
}