{
	"trail_effects": [
		{
			"start_time": 0.5,
			"end_time": 0.9,
			"joint": "Tool_R",
			"item_skin_hand": "main_hand"
		},
		{
			"start_time": 1.2,
			"end_time": 1.6,
			"joint": "Tool_R",
			"color": [16, 16, 16],
			"lifetime": 4,
			"item_skin_hand": "main_hand"
		},
		{
			"start_time": 1.2,
			"end_time": 1.55,
			"joint": "Tool_R",
			"color": [80, 80, 80],
    	    "begin_pos": [0.0, 0.0, 0.5],
    	    "end_pos": [0.0, 0.1, -2.2],
			"item_skin_hand": "main_hand",
			"lifetime": 10,
		    "interpolations": 7,
	    	"texture_path": "epicfight:textures/particle/power_trail4.png",
	    	"particle_type": "epicacg:bloom_trail"
		},
		{
			"start_time": 0.5,
			"end_time": 0.51,
			"joint": "Tool_R",
			"item_skin_hand": "main_hand",
			"color": [80, 80, 80],
    	    "begin_pos": [-0.4, 0.0, 0.5],
    	    "end_pos": [0.4, 0.2, -2.3],
    	    "lifetime": 9,
		    "interpolations": 4,
	    	"texture_path": "epicfight:textures/particle/power_trail3.png",
	    	"particle_type": "epicacg:bloom_trail"
		},
		{
			"start_time": 1.2,
			"end_time": 1.4,
			"joint": "Tool_R",
			"item_skin_hand": "main_hand",
			"color": [80, 80, 80],
    	    "begin_pos": [-0.4, 0.0, 0.4],
    	    "end_pos": [0.4, 0.2, -2.6],
    	    "lifetime": 24,
		    "interpolations": 4,
	    	"texture_path": "epicfight:textures/particle/power_trail3.png",
	    	"particle_type": "epicacg:bloom_trail"
		}
	]
}