{
	"credit": "Made with Blockbench",
	"texture_size": [32, 32],
	"textures": {
		"0": "#mug"
	},
	"elements": [
		{
			"from": [5.5, 0.5, 6.5],
			"to": [6.5, 5.5, 10.5],
			"faces": {
				"north": {"uv": [6, 2, 6.5, 4.5], "texture": "#0"},
				"east": {"uv": [0, 0, 2, 2.5], "texture": "#0"},
				"south": {"uv": [6, 4.5, 6.5, 7], "texture": "#0"},
				"west": {"uv": [2, 0, 4, 2.5], "texture": "#0"},
				"up": {"uv": [8, 4, 7.5, 2], "texture": "#0"},
				"down": {"uv": [8, 4, 7.5, 6], "texture": "#0"}
			}
		},
		{
			"from": [9.5, 0.5, 5.5],
			"to": [10.5, 5.5, 9.5],
			"faces": {
				"north": {"uv": [6.5, 2, 7, 4.5], "texture": "#0"},
				"east": {"uv": [0, 2.5, 2, 5], "texture": "#0"},
				"south": {"uv": [6.5, 4.5, 7, 7], "texture": "#0"},
				"west": {"uv": [2, 2.5, 4, 5], "texture": "#0"},
				"up": {"uv": [5.5, 9.5, 5, 7.5], "texture": "#0"},
				"down": {"uv": [6, 7.5, 5.5, 9.5], "texture": "#0"}
			}
		},
		{
			"from": [6.5, 0.5, 9.5],
			"to": [10.5, 5.5, 10.5],
			"faces": {
				"north": {"uv": [4, 0, 6, 2.5], "texture": "#0"},
				"east": {"uv": [7, 2, 7.5, 4.5], "texture": "#0"},
				"south": {"uv": [4, 2.5, 6, 5], "texture": "#0"},
				"west": {"uv": [4, 7, 4.5, 9.5], "texture": "#0"},
				"up": {"uv": [8, 8, 6, 7.5], "texture": "#0"},
				"down": {"uv": [9.5, 6, 7.5, 6.5], "texture": "#0"}
			}
		},
		{
			"from": [5.5, 0.5, 5.5],
			"to": [9.5, 5.5, 6.5],
			"faces": {
				"north": {"uv": [0, 5, 2, 7.5], "texture": "#0"},
				"east": {"uv": [4.5, 7, 5, 9.5], "texture": "#0"},
				"south": {"uv": [2, 5, 4, 7.5], "texture": "#0"},
				"west": {"uv": [7, 4.5, 7.5, 7], "texture": "#0"},
				"up": {"uv": [9.5, 7, 7.5, 6.5], "texture": "#0"},
				"down": {"uv": [2, 8, 0, 8.5], "texture": "#0"}
			}
		},
		{
			"name": "base",
			"from": [6, 0, 6],
			"to": [10, 1, 10],
			"faces": {
				"north": {"uv": [5, 7, 7, 7.5], "texture": "#0"},
				"east": {"uv": [7, 7, 9, 7.5], "texture": "#0"},
				"south": {"uv": [0, 7.5, 2, 8], "texture": "#0"},
				"west": {"uv": [2, 7.5, 4, 8], "texture": "#0"},
				"up": {"uv": [6, 7, 4, 5], "texture": "#0"},
				"down": {"uv": [8, 0, 6, 2], "texture": "#0"}
			}
		},
		{
			"from": [3.5, 1, 7.5],
			"to": [4.5, 5, 8.5],
			"faces": {
				"north": {"uv": [8, 0, 8.5, 2], "texture": "#0"},
				"east": {"uv": [2, 8, 2.5, 10], "texture": "#0"},
				"south": {"uv": [8, 2, 8.5, 4], "texture": "#0"},
				"west": {"uv": [2.5, 8, 3, 10], "texture": "#0"},
				"up": {"uv": [3.5, 8.5, 3, 8], "texture": "#0"},
				"down": {"uv": [4, 8, 3.5, 8.5], "texture": "#0"}
			}
		},
		{
			"from": [4.5, 4, 7.5],
			"to": [5.5, 5, 8.5],
			"faces": {
				"north": {"uv": [8, 4, 8.5, 4.5], "texture": "#0"},
				"east": {"uv": [8, 4.5, 8.5, 5], "texture": "#0"},
				"south": {"uv": [8, 5, 8.5, 5.5], "texture": "#0"},
				"west": {"uv": [8, 5.5, 8.5, 6], "texture": "#0"},
				"up": {"uv": [6.5, 8.5, 6, 8], "texture": "#0"},
				"down": {"uv": [7, 8, 6.5, 8.5], "texture": "#0"}
			}
		},
		{
			"from": [4.5, 1, 7.5],
			"to": [5.5, 2, 8.5],
			"faces": {
				"north": {"uv": [7, 8, 7.5, 8.5], "texture": "#0"},
				"east": {"uv": [7.5, 8, 8, 8.5], "texture": "#0"},
				"south": {"uv": [8, 7.5, 8.5, 8], "texture": "#0"},
				"west": {"uv": [8, 8, 8.5, 8.5], "texture": "#0"},
				"up": {"uv": [0.5, 9, 0, 8.5], "texture": "#0"},
				"down": {"uv": [9, 0, 8.5, 0.5], "texture": "#0"}
			}
		}
	],
	"display": {
		"thirdperson_righthand": {
			"rotation": [0, 90, 0],
			"translation": [0, 4, -3.25]
		},
		"gui": {
			"translation": [2, 8, 0],
			"scale": [2, 2, 2]
		},
		"fixed": {
			"rotation": [-90, 0, 0],
			"translation": [-8, 8, -14],
			"scale": [2, 2, 2]
		}
	}
}