{
	"credit": "Made with Blockbench",
	"parent": "./cit_item_wall",
	"ambientocclusion": false,
	"textures": {
		"0": "#plate"
	},
	"elements": [
		{
			"from": [12, 2, 0.5],
			"to": [14, 14, 1.5],
			"faces": {
				"north": {"uv": [10, 0, 12, 12], "rotation": 180, "texture": "#0"},
				"east": {"uv": [0, 12, 12, 13], "rotation": 270, "texture": "#0"},
				"south": {"uv": [10, 0, 12, 12], "texture": "#0"},
				"west": {"uv": [0, 12, 12, 13], "rotation": 90, "texture": "#0"},
				"up": {"uv": [0, 12, 2, 13], "rotation": 180, "texture": "#0"},
				"down": {"uv": [10, 12, 12, 13], "texture": "#0"}
			}
		},
		{
			"from": [3, 3, 0],
			"to": [13, 13, 1],
			"faces": {
				"north": {"uv": [1, 1, 11, 11], "rotation": 180, "texture": "#0"},
				"east": {"uv": [1, 13, 11, 14], "rotation": 270, "texture": "#0"},
				"south": {"uv": [1, 1, 11, 11], "texture": "#0"},
				"west": {"uv": [1, 13, 11, 14], "rotation": 90, "texture": "#0"},
				"up": {"uv": [1, 13, 11, 14], "rotation": 180, "texture": "#0"},
				"down": {"uv": [1, 13, 11, 14], "texture": "#0"}
			}
		},
		{
			"from": [4, 12, 0.5],
			"to": [12, 14, 1.5],
			"faces": {
				"north": {"uv": [2, 10, 10, 12], "rotation": 180, "texture": "#0"},
				"south": {"uv": [2, 0, 10, 2], "texture": "#0"},
				"up": {"uv": [2, 12, 10, 13], "rotation": 180, "texture": "#0"},
				"down": {"uv": [2, 12, 10, 13], "texture": "#0"}
			}
		},
		{
			"from": [4, 2, 0.5],
			"to": [12, 4, 1.5],
			"faces": {
				"north": {"uv": [2, 0, 10, 2], "rotation": 180, "texture": "#0"},
				"south": {"uv": [2, 10, 10, 12], "texture": "#0"},
				"up": {"uv": [2, 12, 10, 13], "rotation": 180, "texture": "#0"},
				"down": {"uv": [2, 12, 10, 13], "texture": "#0"}
			}
		},
		{
			"from": [2, 2, 0.5],
			"to": [4, 14, 1.5],
			"faces": {
				"north": {"uv": [0, 0, 2, 12], "rotation": 180, "texture": "#0"},
				"east": {"uv": [0, 12, 12, 13], "rotation": 270, "texture": "#0"},
				"south": {"uv": [0, 0, 2, 12], "texture": "#0"},
				"west": {"uv": [0, 12, 12, 13], "rotation": 90, "texture": "#0"},
				"up": {"uv": [10, 12, 12, 13], "rotation": 180, "texture": "#0"},
				"down": {"uv": [0, 12, 2, 13], "texture": "#0"}
			}
		}
	],
	"display": {
		"thirdperson_righthand": {
			"rotation": [22, 0, 0],
			"translation": [0, 0, 6.25],
			"scale": [0.8, 0.8, 0.8]
		},
		"fixed": {
			"rotation": [0, 180, 0],
			"translation": [-32, 0, -13],
			"scale": [2, 2, 2]
		}
	}
}