{
	"credit": "Made with Blockbench",
	"texture_size": [32, 32],
	"textures": {
		"0": "#cup"
	},
	"elements": [
		{
			"from": [6, 0.5, 6],
			"to": [9, 7.5, 7],
			"faces": {
				"north": {"uv": [1.5, 3.5, 3, 7], "texture": "#0"},
				"east": {"uv": [0, 7, 0.5, 10.5], "texture": "#0"},
				"south": {"uv": [3, 3.5, 4.5, 7], "texture": "#0"},
				"west": {"uv": [0.5, 7, 1, 10.5], "texture": "#0"},
				"up": {"uv": [8.5, 6.5, 7, 6], "texture": "#0"},
				"down": {"uv": [8.5, 6.5, 7, 7], "texture": "#0"}
			}
		},
		{
			"from": [7, 0.5, 9],
			"to": [10, 7.5, 10],
			"faces": {
				"north": {"uv": [4.5, 0, 6, 3.5], "texture": "#0"},
				"east": {"uv": [1, 7, 1.5, 10.5], "texture": "#0"},
				"south": {"uv": [4.5, 3.5, 6, 7], "texture": "#0"},
				"west": {"uv": [1.5, 7, 2, 10.5], "texture": "#0"},
				"up": {"uv": [8.5, 7.5, 7, 7], "texture": "#0"},
				"down": {"uv": [9, 0, 7.5, 0.5], "texture": "#0"}
			}
		},
		{
			"from": [9, 0.5, 6],
			"to": [10, 7.5, 9],
			"faces": {
				"north": {"uv": [6, 3, 6.5, 6.5], "texture": "#0"},
				"east": {"uv": [0, 0, 1.5, 3.5], "texture": "#0"},
				"south": {"uv": [6.5, 3, 7, 6.5], "texture": "#0"},
				"west": {"uv": [1.5, 0, 3, 3.5], "texture": "#0"},
				"up": {"uv": [2.5, 8.5, 2, 7], "texture": "#0"},
				"down": {"uv": [3, 7, 2.5, 8.5], "texture": "#0"}
			}
		},
		{
			"from": [6, 0.5, 7],
			"to": [7, 7.5, 10],
			"faces": {
				"north": {"uv": [6, 6.5, 6.5, 10], "texture": "#0"},
				"east": {"uv": [3, 0, 4.5, 3.5], "texture": "#0"},
				"south": {"uv": [6.5, 6.5, 7, 10], "texture": "#0"},
				"west": {"uv": [0, 3.5, 1.5, 7], "texture": "#0"},
				"up": {"uv": [5, 8.5, 4.5, 7], "texture": "#0"},
				"down": {"uv": [7.5, 4.5, 7, 6], "texture": "#0"}
			}
		},
		{
			"name": "base",
			"from": [6.5, 0, 6.5],
			"to": [9.5, 1, 9.5],
			"faces": {
				"north": {"uv": [3, 7, 4.5, 7.5], "texture": "#0"},
				"east": {"uv": [7, 3, 8.5, 3.5], "texture": "#0"},
				"south": {"uv": [7, 3.5, 8.5, 4], "texture": "#0"},
				"west": {"uv": [7, 4, 8.5, 4.5], "texture": "#0"},
				"up": {"uv": [7.5, 1.5, 6, 0], "texture": "#0"},
				"down": {"uv": [7.5, 1.5, 6, 3], "texture": "#0"}
			}
		}
	],
	"display": {
		"fixed": {
			"rotation": [-90, 0, 0],
			"translation": [-8, 8, -15],
			"scale": [2, 2, 2]
		}
	}
}