{
	"credit": "Made with Blockbench",
	"textures": {
		"0": "#chalice"
	},
	"elements": [
		{
			"name": "base",
			"from": [7.5, 7, 5.5],
			"to": [8.5, 8, 6.5],
			"faces": {
				"north": {"uv": [13, 13, 14, 14], "texture": "#0"},
				"east": {"uv": [14, 13, 15, 14], "texture": "#0"},
				"south": {"uv": [13, 14, 14, 15], "texture": "#0"},
				"west": {"uv": [14, 14, 15, 15], "texture": "#0"},
				"up": {"uv": [12, 14, 13, 15], "texture": "#0"},
				"down": {"uv": [12, 15, 13, 16], "texture": "#0"}
			}
		},
		{
			"name": "base",
			"from": [7.5, 7, 9.5],
			"to": [8.5, 8, 10.5],
			"faces": {
				"north": {"uv": [13, 13, 14, 14], "texture": "#0"},
				"east": {"uv": [14, 13, 15, 14], "texture": "#0"},
				"south": {"uv": [13, 14, 14, 15], "texture": "#0"},
				"west": {"uv": [14, 14, 15, 15], "texture": "#0"},
				"up": {"uv": [12, 14, 13, 15], "texture": "#0"},
				"down": {"uv": [12, 15, 13, 16], "texture": "#0"}
			}
		},
		{
			"name": "base",
			"from": [9.5, 7, 7.5],
			"to": [10.5, 8, 8.5],
			"faces": {
				"north": {"uv": [13, 13, 14, 14], "texture": "#0"},
				"east": {"uv": [14, 13, 15, 14], "texture": "#0"},
				"south": {"uv": [13, 14, 14, 15], "texture": "#0"},
				"west": {"uv": [14, 14, 15, 15], "texture": "#0"},
				"up": {"uv": [12, 14, 13, 15], "texture": "#0"},
				"down": {"uv": [12, 15, 13, 16], "texture": "#0"}
			}
		},
		{
			"name": "base",
			"from": [5.5, 7, 7.5],
			"to": [6.5, 8, 8.5],
			"faces": {
				"north": {"uv": [13, 13, 14, 14], "texture": "#0"},
				"east": {"uv": [14, 13, 15, 14], "texture": "#0"},
				"south": {"uv": [13, 14, 14, 15], "texture": "#0"},
				"west": {"uv": [14, 14, 15, 15], "texture": "#0"},
				"up": {"uv": [13, 15, 12, 14], "texture": "#0"},
				"down": {"uv": [13, 15, 12, 16], "texture": "#0"}
			}
		},
		{
			"from": [6, 5.5, 7],
			"to": [7, 9.5, 10],
			"faces": {
				"north": {"uv": [3, 12, 4, 16], "texture": "#0"},
				"east": {"uv": [0, 8, 3, 12], "texture": "#0"},
				"south": {"uv": [4, 12, 5, 16], "texture": "#0"},
				"west": {"uv": [3, 8, 6, 12], "texture": "#0"},
				"up": {"uv": [11, 16, 10, 13], "texture": "#0"},
				"down": {"uv": [12, 13, 11, 16], "texture": "#0"}
			}
		},
		{
			"from": [9, 5.5, 6],
			"to": [10, 9.5, 9],
			"faces": {
				"north": {"uv": [1, 12, 2, 16], "texture": "#0"},
				"east": {"uv": [6, 0, 9, 4], "texture": "#0"},
				"south": {"uv": [2, 12, 3, 16], "texture": "#0"},
				"west": {"uv": [6, 4, 9, 8], "texture": "#0"},
				"up": {"uv": [6, 15, 5, 12], "texture": "#0"},
				"down": {"uv": [10, 13, 9, 16], "texture": "#0"}
			}
		},
		{
			"from": [7, 5.5, 9],
			"to": [10, 9.5, 10],
			"faces": {
				"north": {"uv": [0, 4, 3, 8], "texture": "#0"},
				"east": {"uv": [0, 12, 1, 16], "texture": "#0"},
				"south": {"uv": [3, 4, 6, 8], "texture": "#0"},
				"west": {"uv": [12, 0, 13, 4], "texture": "#0"},
				"up": {"uv": [16, 2, 13, 1], "texture": "#0"},
				"down": {"uv": [16, 2, 13, 3], "texture": "#0"}
			}
		},
		{
			"from": [6, 5.5, 6],
			"to": [9, 9.5, 7],
			"faces": {
				"north": {"uv": [0, 0, 3, 4], "texture": "#0"},
				"east": {"uv": [8, 11, 9, 15], "texture": "#0"},
				"south": {"uv": [3, 0, 6, 4], "texture": "#0"},
				"west": {"uv": [11, 9, 12, 13], "texture": "#0"},
				"up": {"uv": [15, 13, 12, 12], "texture": "#0"},
				"down": {"uv": [16, 0, 13, 1], "texture": "#0"}
			}
		},
		{
			"name": "base",
			"from": [6.5, 5, 6.5],
			"to": [9.5, 6, 9.5],
			"faces": {
				"north": {"uv": [12, 8, 15, 9], "texture": "#0"},
				"east": {"uv": [12, 9, 15, 10], "texture": "#0"},
				"south": {"uv": [12, 10, 15, 11], "texture": "#0"},
				"west": {"uv": [12, 11, 15, 12], "texture": "#0"},
				"up": {"uv": [12, 6, 9, 3], "texture": "#0"},
				"down": {"uv": [12, 6, 9, 9], "texture": "#0"}
			}
		},
		{
			"name": "stem",
			"from": [7.5, 1, 7.5],
			"to": [8.5, 5, 8.5],
			"faces": {
				"north": {"uv": [9, 9, 10, 13], "texture": "#0"},
				"east": {"uv": [10, 9, 11, 13], "texture": "#0"},
				"south": {"uv": [6, 11, 7, 15], "texture": "#0"},
				"west": {"uv": [7, 11, 8, 15], "texture": "#0"},
				"up": {"uv": [14, 4, 13, 3], "texture": "#0"},
				"down": {"uv": [13, 13, 12, 14], "texture": "#0"}
			}
		},
		{
			"name": "base",
			"from": [6.5, 0, 6.5],
			"to": [9.5, 1, 9.5],
			"faces": {
				"north": {"uv": [12, 4, 15, 5], "texture": "#0"},
				"east": {"uv": [12, 5, 15, 6], "texture": "#0"},
				"south": {"uv": [12, 6, 15, 7], "texture": "#0"},
				"west": {"uv": [12, 7, 15, 8], "texture": "#0"},
				"up": {"uv": [9, 11, 6, 8], "texture": "#0"},
				"down": {"uv": [12, 0, 9, 3], "texture": "#0"}
			}
		}
	],
	"display": {
		"thirdperson_righthand": {
			"translation": [0, 3.5, 2]
		},
		"gui": {
			"translation": [0, 8, 0],
			"scale": [2, 2, 2]
		},
		"fixed": {
			"rotation": [-90, 0, 0],
			"translation": [-8, 8, -13.5],
			"scale": [2, 2, 2]
		}
	}
}