{
  "loader": "forge:separate-perspective",
  "base":
  {
    "loader": "forge:obj",
    "model": "stellarisdlc:models/custom/obj/concealedgesheath.obj",
    "flip-v": true,
    "materialLibraryOverride": "concealedgesheath.mtl",
    "display":
    {
      "thirdperson_righthand":
      {
        "translation": [-5.8, -8.5, -6.3],
        "rotation": [183, 0, 90],
        "scale": [0.92, 0.92, 0.92]
      },
      "firstperson_righthand":
      {
        "translation": [10,-1,-5],
        "rotation": [75,0,0],
        "scale": [0.75, 0.75, 0.75]
      }
    }
  },
  "perspectives":
  {
    "ground":
    {
      "parent": "item/generated",
      "textures":
      {
        "layer0": "stellarisdlc:items/pkey"
      }
    },
    "gui":
    {
      "parent": "item/generated",
      "textures":
      {
        "layer0": "stellarisdlc:items/pkey"
      },
      "gui_light": "front"
    },
    "fixed":
    {
      "parent": "item/generated",
      "textures":
      {
        "layer0": "stellarisdlc:items/pkey"
      }
    }
  }
}