{
	"loader": "forge:separate-perspective",
	"base":
	{
		"loader": "forge:obj",
  		"model": "stellarisdlc:models/custom/obj/steelkatana.obj",
  		"flip-v": true,
		"materialLibraryOverride": "steelkatana.mtl",
		"display":
  		{
    		"thirdperson_righthand":
    		{
      			"translation": [6, 15.1, -6],
      			"rotation": [0, 180, 90],
      			"scale": [0.9, 0.9, 0.9]
    		},
    		"firstperson_righthand":
    		{
      			"translation": [10,9,-5],
      			"rotation": [-150,90,180],
      			"scale": [0.75, 0.75, 0.75]
    		},
			"fixed":
			{
				"rotation": [0, 90, 90],
				"translation": [8, 10, 7]
			}
  		}
	},
	"perspectives":
	{
		"gui":
		{
			"parent": "item/generated",
			"textures":
			{
				"layer0": "stellariscraft:items/steelkatana"
			},
			"gui_light": "front"
		},
		"ground":
	    {
		"parent": "item/generated",
		"textures":
		{
			"layer0": "stellariscraft:items/steelkatana"
		}
	}
	}
}