{
  "credit": "Made with Blockbench",
  "parent": "builtin/entity",
  "texture_size": [
    512,
    512
  ],
  "display": {
    "thirdperson_righthand": {
      "translation": [
        0,
        6,
        1.25
      ],
      "scale": [
        0.15,
        0.13,
        0.15
      ]
    },
    "thirdperson_lefthand": {
      "translation": [
        0,
        6,
        -2
      ],
      "scale": [
        0.15,
        0.15,
        0.15
      ]
    },
    "firstperson_righthand": {
      "rotation": [
        -1,
        -21,
        -6
      ],
      "translation": [
        0,
        5,
        0
      ],
      "scale": [
        0.15,
        0.15,
        0.15
      ]
    },
    "firstperson_lefthand": {
      "rotation": [
        -1,
        -21,
        -6
      ],
      "translation": [
        0,
        5,
        0
      ],
      "scale": [
        0.15,
        0.15,
        0.15
      ]
    },
    "ground": {
      "rotation": [
        90,
        0,
        0
      ],
      "translation": [
        0,
        0,
        9.5
      ],
      "scale": [
        0.15,
        0.15,
        0.15
      ]
    },
    "gui": {
      "rotation": [
        0,
        180,
        45
      ],
      "translation": [
        2.75,
        2.75,
        0
      ],
      "scale": [
        0.056,
        0.056,
        0.056
      ]
    },
    "head": {
      "scale": [
        0.15,
        0.15,
        0.15
      ]
    },
    "fixed": {
      "translation": [
        0,
        10.75,
        0
      ],
      "scale": [
        0.15,
        0.15,
        0.15
      ]
    }
  }
}