{
	"parent": "minecraft:item/generated",
	"textures": {
		"layer0": "cataclysm:items/final_fractal"
	},
	"display": {
		"thirdperson_righthand": {
			"rotation": [
				0,
				-90,
				55
			],
			"translation": [
				0,
				11.0,
				0
			],
			"scale": [
				2.5,
				2.5,
				0.85
			]
		},
		"thirdperson_lefthand": {
			"rotation": [
				0,
				90,
				-55
			],
			"translation": [
				0,
				11.0,
				0
			],
			"scale": [
				2.5,
				2.5,
				0.85
			]
		},
		"firstperson_righthand": {
			"rotation": [
				-20,
				-90,
				10
			],
			"translation": [
				1.13,
				5.2,
				-0.26
			],
			"scale": [
				1.36,
				1.36,
				0.68
			]
		},
		"firstperson_lefthand": {
			"rotation": [
				-20,
				90,
				-10
			],
			"translation": [
				1.13,
				5.2,
				-0.26
			],
			"scale": [
				1.36,
				1.36,
				0.68
			]
		},
		"gui": {
			"rotation": [
				0,
				0,
				0
			],
			"translation": [
				0,
				0,
				0
			],
			"scale": [
				0.9,
				0.9,
				0.9
			]
		}
	}
}